-- =========================================================================
-- SEED DE DEMONSTRAÇÃO COMERCIAL (SHOWROOM) - BRUNA LASH
-- =========================================================================
-- Execute este script apenas no banco LASHLY-DEMO para fins de showroom.
-- =========================================================================

-- 1. Limpar dados transacionais e clientes anteriores
TRUNCATE TABLE 
  agendamento_servicos, 
  atendimentos, 
  agendamentos, 
  clientes 
  CASCADE;

-- 2. Configurações da Bruna Lash e Expediente Comercial
UPDATE public.configuracao_negocio 
SET nome_negocio = 'Bruna Lash', 
    paleta_cores = 'rosa_rose';

UPDATE public.usuarios 
SET nome = 'Bruna Lash' 
WHERE role = 'profissional';

-- Inserir expediente de segunda a sexta, das 09:00 às 18:00
TRUNCATE TABLE public.horarios_atendimento CASCADE;
INSERT INTO public.horarios_atendimento (dia_semana, hora_inicio, hora_fim) VALUES
(1, '09:00:00', '18:00:00'),
(2, '09:00:00', '18:00:00'),
(3, '09:00:00', '18:00:00'),
(4, '09:00:00', '18:00:00'),
(5, '09:00:00', '18:00:00');

-- 3. Cadastro de 25 Clientes Brasileiras Reais
INSERT INTO public.clientes (id, nome, sobrenome, email, whatsapp, data_nascimento, created_at, anamnese_lash) VALUES
('a1000000-0000-0000-0000-000000000001', 'Ana', 'Souza', 'ana.souza@gmail.com', '(11) 98765-4321', '1992-05-15', CURRENT_DATE - INTERVAL '45 days', '{"curvatura_desejada": "D", "espessura_desejada": "0.07", "tecnica_desejada": "Volume Russo"}'),
('a1000000-0000-0000-0000-000000000002', 'Beatriz', 'Santos', 'biadesantos@hotmail.com', '(11) 98888-7777', '1995-10-22', CURRENT_DATE - INTERVAL '40 days', '{"curvatura_desejada": "C", "espessura_desejada": "0.05", "tecnica_desejada": "Volume Brasileiro"}'),
('a1000000-0000-0000-0000-000000000003', 'Camila', 'Oliveira', 'cami.oliveira@outlook.com', '(11) 97777-6666', '1990-03-08', CURRENT_DATE - INTERVAL '38 days', '{}'),
('a1000000-0000-0000-0000-000000000004', 'Daniela', 'Costa', 'dani.costa92@gmail.com', '(11) 96666-5555', '1993-07-31', CURRENT_DATE - INTERVAL '35 days', '{"lentes_contato": true}'),
('a1000000-0000-0000-0000-000000000005', 'Eliana', 'Almeida', 'eliana.almeida@yahoo.com.br', '(11) 95555-4444', '1987-12-05', CURRENT_DATE - INTERVAL '32 days', '{}'),
('a1000000-0000-0000-0000-000000000006', 'Fernanda', 'Ribeiro', 'fernandinha.ribeiro@gmail.com', '(11) 94444-3333', '1996-01-18', CURRENT_DATE - INTERVAL '30 days', '{"dorme_de_brucos": true}'),
('a1000000-0000-0000-0000-000000000007', 'Gabriela', 'Carvalho', 'gabi.carvalho@hotmail.com', '(11) 93333-2222', '1998-09-11', CURRENT_DATE - INTERVAL '28 days', '{"alergia_adesivo": false}'),
('a1000000-0000-0000-0000-000000000008', 'Helena', 'Lopes', 'helena.lopes98@outlook.com', '(11) 92222-1111', '1985-04-25', CURRENT_DATE - INTERVAL '25 days', '{}'),
('a1000000-0000-0000-0000-000000000009', 'Isabela', 'Ramos', 'isabelaramos@gmail.com', '(11) 91111-0000', '1991-08-14', CURRENT_DATE - INTERVAL '22 days', '{"curvatura_desejada": "L"}'),
('a1000000-0000-0000-0000-000000000010', 'Julia', 'Mendes', 'julia.mendes@uol.com.br', '(11) 90000-9999', '1994-11-03', CURRENT_DATE - INTERVAL '20 days', '{}'),
('a1000000-0000-0000-0000-000000000011', 'Karina', 'Lima', 'karina.lima.sp@gmail.com', '(11) 99123-4567', '1989-02-28', CURRENT_DATE - INTERVAL '18 days', '{"gestante": false}'),
('a1000000-0000-0000-0000-000000000012', 'Larissa', 'Fonseca', 'larifonseca@yahoo.com', '(11) 99234-5678', '1997-06-12', CURRENT_DATE - INTERVAL '15 days', '{}'),
('a1000000-0000-0000-0000-000000000013', 'Mariana', 'Rocha', 'mari.rocha@gmail.com', '(11) 99345-6789', '1993-08-09', CURRENT_DATE - INTERVAL '12 days', '{}'),
('a1000000-0000-0000-0000-000000000014', 'Natália', 'Nunes', 'naty.nunes@outlook.com', '(11) 99456-7890', '1990-10-30', CURRENT_DATE - INTERVAL '10 days', '{"maquiagem_diaria": true}'),
('a1000000-0000-0000-0000-000000000015', 'Olivia', 'Neves', 'olivia.neves@gmail.com', '(11) 99567-8901', '1986-07-24', CURRENT_DATE - INTERVAL '9 days', '{}'),
('a1000000-0000-0000-0000-000000000016', 'Patrícia', 'Barros', 'patricia.barros@gmail.com', '(11) 99678-9012', '1992-02-14', CURRENT_DATE - INTERVAL '8 days', '{}'),
('a1000000-0000-0000-0000-000000000017', 'Renata', 'Cardoso', 're.cardoso@hotmail.com', '(11) 99789-0123', '1995-04-03', CURRENT_DATE - INTERVAL '7 days', '{}'),
('a1000000-0000-0000-0000-000000000018', 'Sandra', 'Martins', 'sandra.martins@gmail.com', '(11) 99890-1234', '1988-11-20', CURRENT_DATE - INTERVAL '6 days', '{}'),
('a1000000-0000-0000-0000-000000000019', 'Tatiana', 'Araujo', 'tati.araujo@outlook.com', '(11) 99901-2345', '1991-09-02', CURRENT_DATE - INTERVAL '5 days', '{}'),
('a1000000-0000-0000-0000-000000000020', 'Valéria', 'Moreira', 'valeria.moreira@uol.com.br', '(11) 99012-3456', '1984-06-15', CURRENT_DATE - INTERVAL '4 days', '{}'),
('a1000000-0000-0000-0000-000000000021', 'Vanessa', 'Dias', 'vanessa.dias90@gmail.com', '(11) 99123-0987', '1990-03-27', CURRENT_DATE - INTERVAL '3 days', '{}'),
('a1000000-0000-0000-0000-000000000022', 'Yasmin', 'Castro', 'yasmin.castro@hotmail.com', '(11) 99234-0987', '1996-12-14', CURRENT_DATE - INTERVAL '2 days', '{}'),
('a1000000-0000-0000-0000-000000000023', 'Amanda', 'Teixeira', 'amanda.teixeira@gmail.com', '(11) 99345-0987', '1993-01-10', CURRENT_DATE - INTERVAL '1 day', '{}'),
('a1000000-0000-0000-0000-000000000024', 'Carolina', 'Azevedo', 'carol.azevedo@gmail.com', '(11) 99456-0987', '1995-08-29', CURRENT_DATE, '{}'),
('a1000000-0000-0000-0000-000000000025', 'Letícia', 'Correia', 'leticia.correia@outlook.com', '(11) 99567-0987', '1997-11-07', CURRENT_DATE, '{}');

-- 4. Inserção dos Agendamentos Concluídos (Valor Total = R$ 5.258,00 exatamente)
-- Distribuídos de 01/06/2026 a 12/06/2026
INSERT INTO public.agendamentos (id, cliente_id, data_hora, duracao_minutos, status, origem, valor_cobrado) VALUES
-- 01/06 (Total = R$ 350)
('e1000000-0000-0000-0000-000000000001', 'a1000000-0000-0000-0000-000000000001', (CURRENT_DATE - INTERVAL '11 days' + INTERVAL '9 hours')::timestamptz, 120, 'concluido', 'portal', 150.00),
('e1000000-0000-0000-0000-000000000002', 'a1000000-0000-0000-0000-000000000002', (CURRENT_DATE - INTERVAL '11 days' + INTERVAL '13 hours')::timestamptz, 150, 'concluido', 'admin', 200.00),
-- 02/06 (Total = R$ 530)
('e1000000-0000-0000-0000-000000000003', 'a1000000-0000-0000-0000-000000000003', (CURRENT_DATE - INTERVAL '10 days' + INTERVAL '10 hours')::timestamptz, 150, 'concluido', 'portal', 200.00),
('e1000000-0000-0000-0000-000000000004', 'a1000000-0000-0000-0000-000000000004', (CURRENT_DATE - INTERVAL '10 days' + INTERVAL '14 hours')::timestamptz, 135, 'concluido', 'admin', 180.00),
('e1000000-0000-0000-0000-000000000005', 'a1000000-0000-0000-0000-000000000005', (CURRENT_DATE - INTERVAL '10 days' + INTERVAL '16 hours')::timestamptz, 120, 'concluido', 'portal', 150.00),
-- 03/06 (Total = R$ 510)
('e1000000-0000-0000-0000-000000000006', 'a1000000-0000-0000-0000-000000000006', (CURRENT_DATE - INTERVAL '9 days' + INTERVAL '9 hours')::timestamptz, 120, 'concluido', 'admin', 150.00),
('e1000000-0000-0000-0000-000000000007', 'a1000000-0000-0000-0000-000000000007', (CURRENT_DATE - INTERVAL '9 days' + INTERVAL '11 hours')::timestamptz, 120, 'concluido', 'portal', 160.00),
('e1000000-0000-0000-0000-000000000008', 'a1000000-0000-0000-0000-000000000008', (CURRENT_DATE - INTERVAL '9 days' + INTERVAL '15 hours')::timestamptz, 150, 'concluido', 'admin', 200.00),
-- 04/06 (Total = R$ 380)
('e1000000-0000-0000-0000-000000000009', 'a1000000-0000-0000-0000-000000000009', (CURRENT_DATE - INTERVAL '8 days' + INTERVAL '10 hours')::timestamptz, 135, 'concluido', 'portal', 180.00),
('e1000000-0000-0000-0000-000000000010', 'a1000000-0000-0000-0000-000000000010', (CURRENT_DATE - INTERVAL '8 days' + INTERVAL '14 hours')::timestamptz, 150, 'concluido', 'admin', 200.00),
-- 05/06 (Total = R$ 500)
('e1000000-0000-0000-0000-000000000011', 'a1000000-0000-0000-0000-000000000011', (CURRENT_DATE - INTERVAL '7 days' + INTERVAL '9 hours')::timestamptz, 120, 'concluido', 'portal', 150.00),
('e1000000-0000-0000-0000-000000000012', 'a1000000-0000-0000-0000-000000000012', (CURRENT_DATE - INTERVAL '7 days' + INTERVAL '11 hours')::timestamptz, 120, 'concluido', 'admin', 150.00),
('e1000000-0000-0000-0000-000000000013', 'a1000000-0000-0000-0000-000000000013', (CURRENT_DATE - INTERVAL '7 days' + INTERVAL '15 hours')::timestamptz, 150, 'concluido', 'portal', 200.00),
-- 06/06 (Total = R$ 540)
('e1000000-0000-0000-0000-000000000014', 'a1000000-0000-0000-0000-000000000014', (CURRENT_DATE - INTERVAL '6 days' + INTERVAL '10 hours')::timestamptz, 120, 'concluido', 'admin', 160.00),
('e1000000-0000-0000-0000-000000000015', 'a1000000-0000-0000-0000-000000000015', (CURRENT_DATE - INTERVAL '6 days' + INTERVAL '13 hours')::timestamptz, 150, 'concluido', 'portal', 200.00),
('e1000000-0000-0000-0000-000000000016', 'a1000000-0000-0000-0000-000000000016', (CURRENT_DATE - INTERVAL '6 days' + INTERVAL '16 hours')::timestamptz, 135, 'concluido', 'admin', 180.00),
-- 08/06 (Total = R$ 500)
('e1000000-0000-0000-0000-000000000017', 'a1000000-0000-0000-0000-000000000017', (CURRENT_DATE - INTERVAL '4 days' + INTERVAL '9 hours')::timestamptz, 120, 'concluido', 'portal', 150.00),
('e1000000-0000-0000-0000-000000000018', 'a1000000-0000-0000-0000-000000000018', (CURRENT_DATE - INTERVAL '4 days' + INTERVAL '11 hours')::timestamptz, 120, 'concluido', 'admin', 150.00),
('e1000000-0000-0000-0000-000000000019', 'a1000000-0000-0000-0000-000000000019', (CURRENT_DATE - INTERVAL '4 days' + INTERVAL '15 hours')::timestamptz, 150, 'concluido', 'portal', 200.00),
-- 09/06 (Total = R$ 540)
('e1000000-0000-0000-0000-000000000020', 'a1000000-0000-0000-0000-000000000020', (CURRENT_DATE - INTERVAL '3 days' + INTERVAL '10 hours')::timestamptz, 150, 'concluido', 'admin', 200.00),
('e1000000-0000-0000-0000-000000000021', 'a1000000-0000-0000-0000-000000000021', (CURRENT_DATE - INTERVAL '3 days' + INTERVAL '13 hours')::timestamptz, 135, 'concluido', 'portal', 180.00),
('e1000000-0000-0000-0000-000000000022', 'a1000000-0000-0000-0000-000000000022', (CURRENT_DATE - INTERVAL '3 days' + INTERVAL '16 hours')::timestamptz, 120, 'concluido', 'admin', 160.00),
-- 10/06 (Total = R$ 500)
('e1000000-0000-0000-0000-000000000023', 'a1000000-0000-0000-0000-000000000023', (CURRENT_DATE - INTERVAL '2 days' + INTERVAL '9 hours')::timestamptz, 120, 'concluido', 'portal', 150.00),
('e1000000-0000-0000-0000-000000000024', 'a1000000-0000-0000-0000-000000000024', (CURRENT_DATE - INTERVAL '2 days' + INTERVAL '11 hours')::timestamptz, 120, 'concluido', 'admin', 150.00),
('e1000000-0000-0000-0000-000000000025', 'a1000000-0000-0000-0000-000000000001', (CURRENT_DATE - INTERVAL '2 days' + INTERVAL '15 hours')::timestamptz, 150, 'concluido', 'portal', 200.00),
-- 11/06 (Total = R$ 540)
('e1000000-0000-0000-0000-000000000026', 'a1000000-0000-0000-0000-000000000002', (CURRENT_DATE - INTERVAL '1 day' + INTERVAL '10 hours')::timestamptz, 120, 'concluido', 'admin', 160.00),
('e1000000-0000-0000-0000-000000000027', 'a1000000-0000-0000-0000-000000000003', (CURRENT_DATE - INTERVAL '1 day' + INTERVAL '13 hours')::timestamptz, 150, 'concluido', 'portal', 200.00),
('e1000000-0000-0000-0000-000000000028', 'a1000000-0000-0000-0000-000000000004', (CURRENT_DATE - INTERVAL '1 day' + INTERVAL '16 hours')::timestamptz, 135, 'concluido', 'admin', 180.00),
-- 12/06 (Total = R$ 368)
('e1000000-0000-0000-0000-000000000029', 'a1000000-0000-0000-0000-000000000005', (CURRENT_DATE + INTERVAL '9 hours')::timestamptz, 120, 'concluido', 'portal', 150.00),
('e1000000-0000-0000-0000-000000000030', 'a1000000-0000-0000-0000-000000000006', (CURRENT_DATE + INTERVAL '11 hours')::timestamptz, 120, 'concluido', 'admin', 160.00),
('e1000000-0000-0000-0000-000000000031', 'a1000000-0000-0000-0000-000000000007', (CURRENT_DATE + INTERVAL '14 hours')::timestamptz, 45, 'concluido', 'portal', 58.00);

-- Vinculação dos serviços prestados (para relatórios do dashboard)
INSERT INTO public.agendamento_servicos (id, agendamento_id, servico_id, valor_cobrado) VALUES
('d1000000-0000-0000-0000-000000000001', 'e1000000-0000-0000-0000-000000000001', 'b1000000-0000-0000-0000-000000000011', 150.00),
('d1000000-0000-0000-0000-000000000002', 'e1000000-0000-0000-0000-000000000002', 'b1000000-0000-0000-0000-000000000012', 200.00),
('d1000000-0000-0000-0000-000000000003', 'e1000000-0000-0000-0000-000000000003', 'b1000000-0000-0000-0000-000000000012', 200.00),
('d1000000-0000-0000-0000-000000000004', 'e1000000-0000-0000-0000-000000000004', 'b1000000-0000-0000-0000-000000000013', 180.00),
('d1000000-0000-0000-0000-000000000005', 'e1000000-0000-0000-0000-000000000005', 'b1000000-0000-0000-0000-000000000011', 150.00),
('d1000000-0000-0000-0000-000000000006', 'e1000000-0000-0000-0000-000000000006', 'b1000000-0000-0000-0000-000000000011', 150.00),
('d1000000-0000-0000-0000-000000000007', 'e1000000-0000-0000-0000-000000000007', 'b1000000-0000-0000-0000-000000000014', 160.00),
('d1000000-0000-0000-0000-000000000008', 'e1000000-0000-0000-0000-000000000008', 'b1000000-0000-0000-0000-000000000012', 200.00),
('d1000000-0000-0000-0000-000000000009', 'e1000000-0000-0000-0000-000000000009', 'b1000000-0000-0000-0000-000000000013', 180.00),
('d1000000-0000-0000-0000-000000000010', 'e1000000-0000-0000-0000-000000000010', 'b1000000-0000-0000-0000-000000000012', 200.00),
('d1000000-0000-0000-0000-000000000011', 'e1000000-0000-0000-0000-000000000011', 'b1000000-0000-0000-0000-000000000011', 150.00),
('d1000000-0000-0000-0000-000000000012', 'e1000000-0000-0000-0000-000000000012', 'b1000000-0000-0000-0000-000000000011', 150.00),
('d1000000-0000-0000-0000-000000000013', 'e1000000-0000-0000-0000-000000000013', 'b1000000-0000-0000-0000-000000000012', 200.00),
('d1000000-0000-0000-0000-000000000014', 'e1000000-0000-0000-0000-000000000014', 'b1000000-0000-0000-0000-000000000014', 160.00),
('d1000000-0000-0000-0000-000000000015', 'e1000000-0000-0000-0000-000000000015', 'b1000000-0000-0000-0000-000000000012', 200.00),
('d1000000-0000-0000-0000-000000000016', 'e1000000-0000-0000-0000-000000000016', 'b1000000-0000-0000-0000-000000000013', 180.00),
('d1000000-0000-0000-0000-000000000017', 'e1000000-0000-0000-0000-000000000017', 'b1000000-0000-0000-0000-000000000011', 150.00),
('d1000000-0000-0000-0000-000000000018', 'e1000000-0000-0000-0000-000000000018', 'b1000000-0000-0000-0000-000000000011', 150.00),
('d1000000-0000-0000-0000-000000000019', 'e1000000-0000-0000-0000-000000000019', 'b1000000-0000-0000-0000-000000000012', 200.00),
('d1000000-0000-0000-0000-000000000020', 'e1000000-0000-0000-0000-000000000020', 'b1000000-0000-0000-0000-000000000012', 200.00),
('d1000000-0000-0000-0000-000000000021', 'e1000000-0000-0000-0000-000000000021', 'b1000000-0000-0000-0000-000000000013', 180.00),
('d1000000-0000-0000-0000-000000000022', 'e1000000-0000-0000-0000-000000000022', 'b1000000-0000-0000-0000-000000000014', 160.00),
('d1000000-0000-0000-0000-000000000023', 'e1000000-0000-0000-0000-000000000023', 'b1000000-0000-0000-0000-000000000011', 150.00),
('d1000000-0000-0000-0000-000000000024', 'e1000000-0000-0000-0000-000000000024', 'b1000000-0000-0000-0000-000000000011', 150.00),
('d1000000-0000-0000-0000-000000000025', 'e1000000-0000-0000-0000-000000000025', 'b1000000-0000-0000-0000-000000000012', 200.00),
('d1000000-0000-0000-0000-000000000026', 'e1000000-0000-0000-0000-000000000026', 'b1000000-0000-0000-0000-000000000014', 160.00),
('d1000000-0000-0000-0000-000000000027', 'e1000000-0000-0000-0000-000000000027', 'b1000000-0000-0000-0000-000000000012', 200.00),
('d1000000-0000-0000-0000-000000000028', 'e1000000-0000-0000-0000-000000000028', 'b1000000-0000-0000-0000-000000000013', 180.00),
('d1000000-0000-0000-0000-000000000029', 'e1000000-0000-0000-0000-000000000029', 'b1000000-0000-0000-0000-000000000011', 150.00),
('d1000000-0000-0000-0000-000000000030', 'e1000000-0000-0000-0000-000000000030', 'b1000000-0000-0000-0000-000000000014', 160.00),
('d1000000-0000-0000-0000-000000000031', 'e1000000-0000-0000-0000-000000000031', 'b1000000-0000-0000-0000-000000000031', 58.00);

-- Povoar a tabela de atendimentos históricos (Dashboard Financeiro)
INSERT INTO public.atendimentos (id, cliente_id, servico_id, data_atendimento, valor_cobrado, observacoes) VALUES
('e1000000-5000-0000-0000-000000000001', 'a1000000-0000-0000-0000-000000000001', 'b1000000-0000-0000-0000-000000000011', (CURRENT_DATE - INTERVAL '11 days'), 150.00, 'Retenção ótima.'),
('e1000000-5000-0000-0000-000000000002', 'a1000000-0000-0000-0000-000000000002', 'b1000000-0000-0000-0000-000000000012', (CURRENT_DATE - INTERVAL '11 days'), 200.00, 'Cliente adorou o volume Russo.'),
('e1000000-5000-0000-0000-000000000003', 'a1000000-0000-0000-0000-000000000003', 'b1000000-0000-0000-0000-000000000012', (CURRENT_DATE - INTERVAL '10 days'), 200.00, 'Volume Russo.'),
('e1000000-5000-0000-0000-000000000004', 'a1000000-0000-0000-0000-000000000004', 'b1000000-0000-0000-0000-000000000013', (CURRENT_DATE - INTERVAL '10 days'), 180.00, 'Volume Híbrido.'),
('e1000000-5000-0000-0000-000000000005', 'a1000000-0000-0000-0000-000000000005', 'b1000000-0000-0000-0000-000000000011', (CURRENT_DATE - INTERVAL '10 days'), 150.00, 'Retorno clássico.'),
('e1000000-5000-0000-0000-000000000006', 'a1000000-0000-0000-0000-000000000006', 'b1000000-0000-0000-0000-000000000011', (CURRENT_DATE - INTERVAL '9 days'), 150.00, 'Fio a Fio.'),
('e1000000-5000-0000-0000-000000000007', 'a1000000-0000-0000-0000-000000000007', 'b1000000-0000-0000-0000-000000000014', (CURRENT_DATE - INTERVAL '9 days'), 160.00, 'Volume Brasileiro.'),
('e1000000-5000-0000-0000-000000000008', 'a1000000-0000-0000-0000-000000000008', 'b1000000-0000-0000-0000-000000000012', (CURRENT_DATE - INTERVAL '9 days'), 200.00, 'Russo.'),
('e1000000-5000-0000-0000-000000000009', 'a1000000-0000-0000-0000-000000000009', 'b1000000-0000-0000-0000-000000000013', (CURRENT_DATE - INTERVAL '8 days'), 180.00, 'Híbrido.'),
('e1000000-5000-0000-0000-000000000010', 'a1000000-0000-0000-0000-000000000010', 'b1000000-0000-0000-0000-000000000012', (CURRENT_DATE - INTERVAL '8 days'), 200.00, 'Russo.'),
('e1000000-5000-0000-0000-000000000011', 'a1000000-0000-0000-0000-000000000011', 'b1000000-0000-0000-0000-000000000011', (CURRENT_DATE - INTERVAL '7 days'), 150.00, 'Clássico.'),
('e1000000-5000-0000-0000-000000000012', 'a1000000-0000-0000-0000-000000000012', 'b1000000-0000-0000-0000-000000000011', (CURRENT_DATE - INTERVAL '7 days'), 150.00, 'Clássico.'),
('e1000000-5000-0000-0000-000000000013', 'a1000000-0000-0000-0000-000000000013', 'b1000000-0000-0000-0000-000000000012', (CURRENT_DATE - INTERVAL '7 days'), 200.00, 'Russo.'),
('e1000000-5000-0000-0000-000000000014', 'a1000000-0000-0000-0000-000000000014', 'b1000000-0000-0000-0000-000000000014', (CURRENT_DATE - INTERVAL '6 days'), 160.00, 'Brasileiro.'),
('e1000000-5000-0000-0000-000000000015', 'a1000000-0000-0000-0000-000000000015', 'b1000000-0000-0000-0000-000000000012', (CURRENT_DATE - INTERVAL '6 days'), 200.00, 'Russo.'),
('e1000000-5000-0000-0000-000000000016', 'a1000000-0000-0000-0000-000000000016', 'b1000000-0000-0000-0000-000000000013', (CURRENT_DATE - INTERVAL '6 days'), 180.00, 'Híbrido.'),
('e1000000-5000-0000-0000-000000000017', 'a1000000-0000-0000-0000-000000000017', 'b1000000-0000-0000-0000-000000000011', (CURRENT_DATE - INTERVAL '4 days'), 150.00, 'Clássico.'),
('e1000000-5000-0000-0000-000000000018', 'a1000000-0000-0000-0000-000000000018', 'b1000000-0000-0000-0000-000000000011', (CURRENT_DATE - INTERVAL '4 days'), 150.00, 'Clássico.'),
('e1000000-5000-0000-0000-000000000019', 'a1000000-0000-0000-0000-000000000019', 'b1000000-0000-0000-0000-000000000012', (CURRENT_DATE - INTERVAL '4 days'), 200.00, 'Russo.'),
('e1000000-5000-0000-0000-000000000020', 'a1000000-0000-0000-0000-000000000020', 'b1000000-0000-0000-0000-000000000012', (CURRENT_DATE - INTERVAL '3 days'), 200.00, 'Russo.'),
('e1000000-5000-0000-0000-000000000021', 'a1000000-0000-0000-0000-000000000021', 'b1000000-0000-0000-0000-000000000013', (CURRENT_DATE - INTERVAL '3 days'), 180.00, 'Híbrido.'),
('e1000000-5000-0000-0000-000000000022', 'a1000000-0000-0000-0000-000000000022', 'b1000000-0000-0000-0000-000000000014', (CURRENT_DATE - INTERVAL '3 days'), 160.00, 'Brasileiro.'),
('e1000000-5000-0000-0000-000000000023', 'a1000000-0000-0000-0000-000000000023', 'b1000000-0000-0000-0000-000000000011', (CURRENT_DATE - INTERVAL '2 days'), 150.00, 'Clássico.'),
('e1000000-5000-0000-0000-000000000024', 'a1000000-0000-0000-0000-000000000024', 'b1000000-0000-0000-0000-000000000011', (CURRENT_DATE - INTERVAL '2 days'), 150.00, 'Clássico.'),
('e1000000-5000-0000-0000-000000000025', 'a1000000-0000-0000-0000-000000000001', 'b1000000-0000-0000-0000-000000000012', (CURRENT_DATE - INTERVAL '2 days'), 200.00, 'Russo.'),
('e1000000-5000-0000-0000-000000000026', 'a1000000-0000-0000-0000-000000000002', 'b1000000-0000-0000-0000-000000000014', (CURRENT_DATE - INTERVAL '1 day'), 160.00, 'Brasileiro.'),
('e1000000-5000-0000-0000-000000000027', 'a1000000-0000-0000-0000-000000000003', 'b1000000-0000-0000-0000-000000000012', (CURRENT_DATE - INTERVAL '1 day'), 200.00, 'Russo.'),
('e1000000-5000-0000-0000-000000000028', 'a1000000-0000-0000-0000-000000000004', 'b1000000-0000-0000-0000-000000000013', (CURRENT_DATE - INTERVAL '1 day'), 180.00, 'Híbrido.'),
('e1000000-5000-0000-0000-000000000029', 'a1000000-0000-0000-0000-000000000005', 'b1000000-0000-0000-0000-000000000011', CURRENT_DATE, 150.00, 'Clássico.'),
('e1000000-5000-0000-0000-000000000030', 'a1000000-0000-0000-0000-000000000006', 'b1000000-0000-0000-0000-000000000014', CURRENT_DATE, 160.00, 'Brasileiro.'),
('e1000000-5000-0000-0000-000000000031', 'a1000000-0000-0000-0000-000000000007', 'b1000000-0000-0000-0000-000000000031', CURRENT_DATE, 58.00, 'Design Simples.');

-- 5. Inserção dos Agendamentos Futuros, Pendentes e Cancelados
INSERT INTO public.agendamentos (id, cliente_id, data_hora, duracao_minutos, status, origem, valor_cobrado) VALUES
-- Confirmados (Futuros)
('e1000000-0000-0000-0000-000000000032', 'a1000000-0000-0000-0000-000000000008', (CURRENT_DATE + INTERVAL '1 day' + INTERVAL '10 hours')::timestamptz, 150, 'confirmado', 'portal', 200.00),
('e1000000-0000-0000-0000-000000000033', 'a1000000-0000-0000-0000-000000000009', (CURRENT_DATE + INTERVAL '1 day' + INTERVAL '14 hours')::timestamptz, 120, 'confirmado', 'portal', 150.00),
('e1000000-0000-0000-0000-000000000034', 'a1000000-0000-0000-0000-000000000010', (CURRENT_DATE + INTERVAL '2 days' + INTERVAL '9 hours')::timestamptz, 120, 'confirmado', 'admin', 160.00),
('e1000000-0000-0000-0000-000000000035', 'a1000000-0000-0000-0000-000000000011', (CURRENT_DATE + INTERVAL '2 days' + INTERVAL '11 hours')::timestamptz, 60, 'confirmado', 'portal', 120.00),
('e1000000-0000-0000-0000-000000000036', 'a1000000-0000-0000-0000-000000000012', (CURRENT_DATE + INTERVAL '3 days' + INTERVAL '15 hours')::timestamptz, 30, 'confirmado', 'admin', 50.00),

-- Pendentes (Futuros)
('e1000000-0000-0000-0000-000000000037', 'a1000000-0000-0000-0000-000000000013', (CURRENT_DATE + INTERVAL '1 day' + INTERVAL '16 hours')::timestamptz, 60, 'pendente', 'portal', 130.00),
('e1000000-0000-0000-0000-000000000038', 'a1000000-0000-0000-0000-000000000014', (CURRENT_DATE + INTERVAL '3 days' + INTERVAL '10 hours')::timestamptz, 60, 'pendente', 'portal', 70.00),
('e1000000-0000-0000-0000-000000000039', 'a1000000-0000-0000-0000-000000000015', (CURRENT_DATE + INTERVAL '4 days' + INTERVAL '14 hours')::timestamptz, 120, 'pendente', 'portal', 150.00),

-- Cancelados
('e1000000-0000-0000-0000-000000000040', 'a1000000-0000-0000-0000-000000000016', (CURRENT_DATE - INTERVAL '5 days' + INTERVAL '11 hours')::timestamptz, 150, 'cancelado', 'portal', 200.00),
('e1000000-0000-0000-0000-000000000041', 'a1000000-0000-0000-0000-000000000017', (CURRENT_DATE - INTERVAL '2 days' + INTERVAL '14 hours')::timestamptz, 120, 'cancelado', 'admin', 150.00),
('e1000000-0000-0000-0000-000000000042', 'a1000000-0000-0000-0000-000000000018', (CURRENT_DATE + INTERVAL '1 day' + INTERVAL '13 hours')::timestamptz, 30, 'cancelado', 'portal', 50.00);

-- Vinculação dos serviços contratados em cada agendamento futuro/pendente/cancelado
INSERT INTO public.agendamento_servicos (id, agendamento_id, servico_id, valor_cobrado) VALUES
('d1000000-0000-0000-0000-000000000032', 'e1000000-0000-0000-0000-000000000032', 'b1000000-0000-0000-0000-000000000012', 200.00),
('d1000000-0000-0000-0000-000000000033', 'e1000000-0000-0000-0000-000000000033', 'b1000000-0000-0000-0000-000000000011', 150.00),
('d1000000-0000-0000-0000-000000000034', 'e1000000-0000-0000-0000-000000000034', 'b1000000-0000-0000-0000-000000000014', 160.00),
('d1000000-0000-0000-0000-000000000035', 'e1000000-0000-0000-0000-000000000035', 'b1000000-0000-0000-0000-000000000021', 120.00),
('d1000000-0000-0000-0000-000000000036', 'e1000000-0000-0000-0000-000000000036', 'b1000000-0000-0000-0000-000000000022', 50.00),
('d1000000-0000-0000-0000-000000000037', 'e1000000-0000-0000-0000-000000000037', 'b1000000-0000-0000-0000-000000000033', 130.00),
('d1000000-0000-0000-0000-000000000038', 'e1000000-0000-0000-0000-000000000038', 'b1000000-0000-0000-0000-000000000032', 70.00),
('d1000000-0000-0000-0000-000000000039', 'e1000000-0000-0000-0000-000000000039', 'b1000000-0000-0000-0000-000000000011', 150.00),
('d1000000-0000-0000-0000-000000000040', 'e1000000-0000-0000-0000-000000000040', 'b1000000-0000-0000-0000-000000000012', 200.00),
('d1000000-0000-0000-0000-000000000041', 'e1000000-0000-0000-0000-000000000041', 'b1000000-0000-0000-0000-000000000011', 150.00),
('d1000000-0000-0000-0000-000000000042', 'e1000000-0000-0000-0000-000000000042', 'b1000000-0000-0000-0000-000000000022', 50.00);
